time,Lead_I,Lead_II
0.0,-0.0238,0.0092
0.004,-0.0017,-0.0077
0.008,0.0076,0.0285
0.012,-0.0163,0.0053
0.016,-0.0061,-0.0031
0.02,-0.0107,0.0031
0.024,0.0043,0.0051
0.028,-0.0103,0.0101
0.032,0.0022,0.0149
0.036,-0.0089,-0.0135
0.04,0.0014,0.0163
0.044,-0.002,-0.0071
0.048,-0.0041,0.0049
0.052,0.0006,0.0033
0.056,-0.0045,-0.0041
0.06,0.0009,-0.0244
0.064,-0.0012,-0.0049
0.068,-0.0166,-0.0071
0.072,0.0119,0.0026
0.076,-0.0037,-0.0106
0.08,0.0041,0.0118
0.084,0.0022,0.0133
0.088,-0.009,-0.0049
0.092,-0.0129,0.0012
0.096,-0.0033,0.0076
0.1,0.0043,0.0095
0.104,0.0031,0.0032
0.108,0.0067,0.0124
0.112,-0.0048,0.0187
0.116,0.0235,0.0075
0.12,0.009,-0.0003
0.124,0.0018,-0.0036
0.128,0.002,0.0073
0.132,0.0052,-0.0085
0.136,0.0044,-0.0088
0.14,0.0119,0.008
0.144,-0.0013,0.0044
0.148,-0.0068,0.0049
0.152,-0.0144,0.0063
0.156,0.0067,-0.0098
0.16,-0.0228,-0.0116
0.164,0.0041,-0.0005
0.168,0.0056,-0.0175
0.172,0.0048,-0.0086
0.176,0.0155,-0.0111
0.18,-0.0067,-0.0064
0.184,-0.011,0.0072
0.188,0.0154,0.0072
0.192,0.0102,-0.0028
0.196,0.0147,0.0136
0.2,0.0319,0.0174
0.204,0.0269,0.0193
0.208,0.0347,0.0266
0.212,0.0461,0.0231
0.216,0.0568,0.0462
0.22,0.1026,0.0741
0.224,0.1169,0.0659
0.228,0.1195,0.0908
0.232,0.1345,0.0753
0.236,0.1368,0.1066
0.24,0.162,0.1062
0.244,0.142,0.1181
0.248,0.1558,0.1041
0.252,0.1201,0.109
0.256,0.1128,0.0471
0.26,0.0802,0.0495
0.264,0.0686,0.0564
0.268,0.0628,0.033
0.272,0.0309,0.0275
0.276,0.0454,0.0172
0.28,0.0188,0.0243
0.284,0.0202,0.0235
0.288,0.0303,0.005
0.292,0.0048,0.0084
0.296,0.0001,0.0191
0.3,0.0101,-0.0153
0.304,0.0098,0.0133
0.308,-0.0127,-0.0061
0.312,0.0075,-0.002
0.316,0.01,0.0254
0.32,0.0087,-0.0077
0.324,0.0199,-0.0141
0.328,0.0013,0.0013
0.332,0.0099,0.0219
0.336,0.0079,-0.0012
0.34,0.0155,-0.0106
0.344,0.0141,-0.0094
0.348,0.0053,0.003
0.352,-0.0051,-0.004
0.356,0.0096,-0.0156
0.36,0.0022,0.0023
0.364,-0.012,-0.0046
0.368,-0.0554,-0.035
0.372,-0.1073,-0.0503
0.376,-0.114,-0.0894
0.38,-0.1055,-0.0692
0.384,0.0216,0.0087
0.388,0.2303,0.1532
0.392,0.5586,0.4073
0.396,0.8423,0.592
0.4,0.9928,0.6753
0.404,0.8578,0.5966
0.408,0.5053,0.3589
0.412,0.1778,0.1108
0.416,-0.0655,-0.0586
0.42,-0.2006,-0.1554
0.424,-0.2113,-0.1445
0.428,-0.1348,-0.0986
0.432,-0.0925,-0.0515
0.436,-0.0317,-0.0278
0.44,-0.0049,0.002
0.444,-0.008,-0.0134
0.448,0.0116,-0.0125
0.452,-0.0028,-0.0104
0.456,0.0124,0.0107
0.46,-0.0014,-0.0051
0.464,-0.0069,0.0037
0.468,0.018,-0.0064
0.472,-0.0104,0.0019
0.476,-0.0115,0.0068
0.48,0.0025,-0.022
0.484,0.0182,0.005
0.488,0.0138,-0.0035
0.492,0.0096,0.0015
0.496,0.0097,-0.0033
0.5,-0.0032,-0.0115
0.504,0.0024,0.0012
0.508,-0.0213,0.0135
0.512,-0.0021,-0.0079
0.516,-0.0018,0.0028
0.52,0.0063,0.0053
0.524,-0.0084,-0.006
0.528,-0.0042,0.0004
0.532,0.0038,-0.0049
0.536,-0.0043,-0.0009
0.54,0.0058,0.0102
0.544,0.0096,0.0008
0.548,-0.0168,0.0081
0.552,0.0217,0.004
0.556,0.0094,0.0353
0.56,0.007,-0.0002
0.564,0.0264,-0.0014
0.568,0.0061,0.0169
0.572,0.0292,0.0141
0.576,0.0282,0.0229
0.58,0.0572,0.0156
0.584,0.0528,0.0397
0.588,0.0654,0.0498
0.592,0.0808,0.0654
0.596,0.0773,0.0728
0.6,0.1089,0.0792
0.604,0.1305,0.0799
0.608,0.1405,0.0855
0.612,0.1779,0.1073
0.616,0.1875,0.1362
0.62,0.2154,0.1329
0.624,0.2417,0.1527
0.628,0.2458,0.1803
0.632,0.2629,0.1841
0.636,0.2721,0.1956
0.64,0.2958,0.2067
0.644,0.29,0.2117
0.648,0.2939,0.2105
0.652,0.2849,0.2189
0.656,0.3028,0.1788
0.66,0.2837,0.2107
0.664,0.2636,0.1899
0.668,0.2611,0.2017
0.672,0.2424,0.1677
0.676,0.2226,0.1742
0.68,0.2067,0.165
0.684,0.187,0.1334
0.688,0.1817,0.1234
0.692,0.1578,0.1186
0.696,0.1396,0.0821
0.7,0.1073,0.0884
0.704,0.084,0.0526
0.708,0.0747,0.0511
0.712,0.0611,0.0486
0.716,0.0507,0.0257
0.72,0.0532,0.0331
0.724,0.038,0.0255
0.728,0.006,0.0177
0.732,0.0067,0.0326
0.736,0.0064,0.0077
0.74,0.0058,-0.0169
0.744,0.006,0.0121
0.748,0.0109,-0.008
0.752,0.0183,0.0115
0.756,0.0073,0.0006
0.76,-0.0101,-0.0197
0.764,-0.0077,-0.0008
0.768,0.011,0.0086
0.772,-0.0188,0.0115
0.776,0.0146,-0.0071
0.78,0.0022,0.0056
0.784,0.0089,-0.0166
0.788,0.0119,-0.0156
0.792,-0.0068,-0.0024
0.796,0.0037,0.0009
0.8,0.003,0.0037
0.804,-0.0182,-0.0077
0.808,-0.0021,0.0129
0.812,-0.0091,0.0093
0.816,0.0106,0.0119
0.82,0.0054,-0.007
0.824,0.0088,-0.0066
0.828,-0.0039,-0.0007
0.832,-0.0059,0.0193
0.836,-0.0197,0.0086
0.84,-0.0133,0.017
0.844,0.0065,-0.0024
0.848,-0.0063,-0.0006
0.852,-0.0058,0.0088
0.856,0.0042,-0.0126
0.86,0.0182,0.0059
0.864,0.0167,-0.0121
0.868,-0.0038,0.0066
0.872,-0.0157,-0.0096
0.876,0.0078,0.0041
0.88,0.0062,0.0213
0.884,0.0106,-0.0168
0.888,-0.0173,-0.0132
0.892,0.0042,-0.0077
0.896,-0.0065,-0.021
0.9,-0.0104,-0.0024
0.904,0.0123,0.0002
0.908,0.001,-0.0141
0.912,0.0033,-0.0094
0.916,-0.0018,-0.0064
0.92,-0.0007,0.0027
0.924,0.0051,0.0321
0.928,-0.0126,0.0088
0.932,-0.0197,0.0006
0.936,0.0137,-0.0081
0.94,-0.0047,-0.016
0.944,-0.0037,0.0035
0.948,0.022,0.0167
0.952,-0.0019,0.0119
0.956,-0.0125,0.0094
0.96,-0.0008,0.0053
0.964,-0.0073,-0.0022
0.968,0.0129,-0.0079
0.972,0.0128,-0.006
0.976,-0.024,-0.0062
0.98,-0.0084,-0.0032
0.984,-0.0002,0.0297
0.988,-0.0015,-0.002
0.992,0.0046,0.0142
0.996,0.0249,0.0083
1.0,0.0086,0.0192
1.004,0.0449,0.0052
1.008,0.0317,0.0308
1.012,0.0532,0.0477
1.016,0.0737,0.0438
1.02,0.0987,0.0466
1.024,0.0962,0.0771
1.028,0.113,0.0943
1.032,0.1507,0.0953
1.036,0.1481,0.1063
1.04,0.1453,0.122
1.044,0.1521,0.1164
1.048,0.1348,0.1032
1.052,0.1167,0.0904
1.056,0.1123,0.0713
1.06,0.0804,0.0697
1.064,0.0796,0.0499
1.068,0.0575,0.0398
1.072,0.0357,0.0212
1.076,0.0131,0.0207
1.08,0.0434,0.0106
1.084,0.0279,0.0135
1.088,0.0012,0.0126
1.092,0.0091,-0.0162
1.096,-0.0005,0.001
1.1,-0.0075,0.0024
1.104,0.0007,-0.0083
1.108,0.0083,0.0084
1.112,-0.0238,0.0101
1.116,-0.0196,-0.0009
1.12,-0.0083,-0.0121
1.124,0.0057,0.0099
1.128,0.0087,0.0218
1.132,-0.0016,0.0151
1.136,-0.0058,0.0018
1.14,-0.0033,-0.0093
1.144,0.0085,0.0067
1.148,0.0033,0.0176
1.152,0.0079,-0.0041
1.156,0.0119,-0.0094
1.16,-0.0072,0.003
1.164,-0.0074,-0.0172
1.168,-0.0604,-0.0384
1.172,-0.0808,-0.0682
1.176,-0.1201,-0.0923
1.18,-0.0968,-0.0666
1.184,0.0085,0.001
1.188,0.2376,0.1889
1.192,0.5547,0.3778
1.196,0.8619,0.5993
1.2,0.9746,0.672
1.204,0.8568,0.6041
1.208,0.5268,0.3828
1.212,0.1973,0.1178
1.216,-0.0728,-0.0634
1.22,-0.2241,-0.1228
1.224,-0.2137,-0.1484
1.228,-0.1365,-0.1076
1.232,-0.0576,-0.0485
1.236,-0.0432,-0.0195
1.24,-0.0121,-0.0026
1.244,-0.0007,0.0198
1.248,0.0008,0.0092
1.252,-0.0128,0.0009
1.256,0.0083,0.0003
1.26,-0.0139,0.0032
1.264,-0.0046,-0.0028
1.268,0.0091,-0.0142
1.272,-0.0008,0.0084
1.276,-0.01,-0.013
1.28,0.0111,-0.004
1.284,0.0034,0.0079
1.288,0.0093,0.0158
1.292,0.005,-0.0057
1.296,-0.0138,0.0153
1.3,0.0129,-0.0102
1.304,-0.0004,-0.0059
1.308,-0.0066,0.0083
1.312,-0.0156,-0.0043
1.316,-0.0087,0.0087
1.32,0.0119,-0.0072
1.324,0.004,-0.0066
1.328,0.007,0.0043
1.332,0.0008,0.0011
1.336,0.0025,-0.0011
1.34,-0.0041,0.0106
1.344,0.0141,0.0082
1.348,0.0316,0.0038
1.352,-0.0062,0.001
1.356,0.0096,0.0119
1.36,0.0138,-0.0027
1.364,0.0107,-0.0103
1.368,0.0182,0.0124
1.372,0.0153,0.032
1.376,0.039,0.0345
1.38,0.0412,0.0368
1.384,0.0505,0.033
1.388,0.0583,0.0487
1.392,0.0597,0.0557
1.396,0.1053,0.0741
1.4,0.1085,0.0734
1.404,0.1371,0.1119
1.408,0.1541,0.0923
1.412,0.1869,0.1107
1.416,0.1822,0.1554
1.42,0.2092,0.1484
1.424,0.2368,0.165
1.428,0.2475,0.1791
1.432,0.2772,0.1887
1.436,0.2732,0.1957
1.44,0.2758,0.2191
1.444,0.3203,0.1947
1.448,0.3068,0.2065
1.452,0.2898,0.2222
1.456,0.2806,0.2001
1.46,0.2779,0.1902
1.464,0.2869,0.1819
1.468,0.2524,0.1783
1.472,0.2449,0.1752
1.476,0.2305,0.1621
1.48,0.2105,0.1604
1.484,0.1875,0.1358
1.488,0.1572,0.1131
1.492,0.1454,0.0936
1.496,0.1174,0.0772
1.5,0.11,0.0739
1.504,0.1063,0.0654
1.508,0.0801,0.0647
1.512,0.0491,0.0544
1.516,0.0419,0.0405
1.52,0.0274,0.0291
1.524,0.0375,0.0251
1.528,0.0335,0.0184
1.532,0.0308,0.0291
1.536,0.0129,-0.0194
1.54,-0.0059,-0.0057
1.544,-0.0081,-0.0039
1.548,0.0126,-0.002
1.552,0.0148,0.0138
1.556,0.0186,-0.0001
1.56,0.0166,0.0102
1.564,-0.0083,-0.0008
1.568,-0.0158,0.0083
1.572,-0.0164,-0.0054
1.576,-0.012,0.0098
1.58,0.0078,0.0015
1.584,-0.0043,0.0005
1.588,-0.0101,0.0088
1.592,0.0125,0.0006
1.596,-0.0041,0.0232
1.6,-0.0004,-0.0025
1.604,-0.0068,0.0081
1.608,-0.0015,0.005
1.612,-0.0066,0.0154
1.616,0.0094,-0.0126
1.62,0.0101,-0.0015
1.624,-0.0093,0.005
1.628,-0.0043,-0.0052
1.632,0.0066,0.0043
1.636,0.0005,-0.0092
1.64,-0.0035,-0.0007
1.644,0.008,-0.0022
1.648,0.0103,0.0018
1.652,-0.0018,0.0068
1.656,-0.0136,0.0121
1.66,0.0157,0.0122
1.664,0.0092,-0.0026
1.668,-0.0117,-0.0012
1.672,-0.0135,0.009
1.676,0.004,0.0112
1.68,-0.0061,-0.0052
1.684,-0.0037,0.0105
1.688,0.0064,-0.0029
1.692,0.0043,0.024
1.696,-0.0066,-0.0028
1.7,0.0119,0.0041
1.704,-0.0002,-0.0041
1.708,0.0081,-0.0167
1.712,0.0008,-0.0045
1.716,0.0146,0.0092
1.72,-0.0135,-0.0013
1.724,0.0215,0.0055
1.728,-0.0131,0.0016
1.732,-0.0156,0.0025
1.736,-0.011,0.0037
1.74,-0.0103,0.007
1.744,0.0159,-0.0004
1.748,0.0026,-0.013
1.752,0.007,0.0037
1.756,-0.005,-0.0118
1.76,-0.0095,-0.0052
1.764,0.0157,0.0021
1.768,-0.0011,-0.0009
1.772,-0.0013,0.0046
1.776,0.0027,-0.0014
1.78,-0.0018,0.009
1.784,0.0083,0.0073
1.788,-0.0065,-0.0164
1.792,0.0037,0.014
1.796,0.0016,0.0051
1.8,0.0171,0.0048
1.804,0.0412,0.0156
1.808,0.0258,0.0182
1.812,0.0437,0.0357
1.816,0.0846,0.0322
1.82,0.0868,0.0686
1.824,0.1,0.0781
1.828,0.1501,0.101
1.832,0.134,0.0966
1.836,0.1489,0.1072
1.84,0.1517,0.1024
1.844,0.1567,0.1135
1.848,0.1356,0.1
1.852,0.116,0.0875
1.856,0.1182,0.0783
1.86,0.1186,0.0638
1.864,0.0535,0.0388
1.868,0.048,0.0244
1.872,0.056,0.0163
1.876,0.0148,0.0277
1.88,0.023,0.0121
1.884,0.0086,0.0141
1.888,0.0088,0.0026
1.892,0.012,0.0157
1.896,0.0168,-0.0073
1.9,0.0148,-0.0029
1.904,-0.0036,0.0053
1.908,0.011,-0.0045
1.912,0.0173,-0.0071
1.916,0.0088,-0.0072
1.92,0.0104,0.0009
1.924,-0.0028,0.0012
1.928,-0.008,0.002
1.932,0.0045,0.0011
1.936,0.0112,-0.0155
1.94,-0.0032,-0.0016
1.944,-0.0096,0.0207
1.948,0.0062,0.0025
1.952,-0.0157,-0.0078
1.956,0.0016,-0.0173
1.96,-0.0144,-0.0139
1.964,-0.009,-0.0036
1.968,-0.0573,-0.0345
1.972,-0.0878,-0.0387
1.976,-0.1259,-0.0893
1.98,-0.1062,-0.0668
1.984,0.0118,0.0021
1.988,0.2448,0.1678
1.992,0.5582,0.379
1.996,0.8603,0.6083
2.0,0.978,0.7143
2.004,0.8505,0.6013
2.008,0.5279,0.3587
2.012,0.1743,0.1397
2.016,-0.0848,-0.0552
2.02,-0.1829,-0.1199
2.024,-0.1982,-0.1405
2.028,-0.1426,-0.0972
2.032,-0.0835,-0.0626
2.036,-0.045,-0.0167
2.04,0.0023,-0.0059
2.044,0.0032,0.0015
2.048,-0.0047,0.02
2.052,0.0113,-0.0056
2.056,0.0101,-0.0066
2.06,0.0076,0.0216
2.064,0.0101,-0.0033
2.068,-0.011,0.0007
2.072,-0.0013,-0.0165
2.076,0.0044,0.0013
2.08,-0.0094,0.0077
2.084,0.0012,0.0007
2.088,-0.0269,-0.0087
2.092,-0.0022,-0.0254
2.096,0.0098,0.004
2.1,0.01,-0.0008
2.104,0.0051,0.0047
2.108,0.0013,0.0062
2.112,0.0059,-0.0063
2.116,-0.003,-0.0009
2.12,-0.0241,0.019
2.124,-0.0,0.0084
2.128,0.0103,-0.0071
2.132,0.0222,-0.0172
2.136,0.0111,0.0275
2.14,0.0206,-0.0109
2.144,0.0071,0.0019
2.148,0.0099,0.0
2.152,0.0072,0.0102
2.156,0.0065,0.0208
2.16,0.003,-0.0022
2.164,0.0126,0.004
2.168,0.0132,-0.0027
2.172,0.0297,0.0143
2.176,0.0418,0.0246
2.18,0.0387,0.0386
2.184,0.0679,0.0385
2.188,0.046,0.055
2.192,0.0856,0.0682
2.196,0.0878,0.0647
2.2,0.1107,0.0878
2.204,0.133,0.0844
2.208,0.1444,0.1017
2.212,0.188,0.1224
2.216,0.1839,0.1198
2.22,0.202,0.1433
2.224,0.2407,0.1623
2.228,0.2525,0.1803
2.232,0.2659,0.1919
2.236,0.2722,0.1868
2.24,0.2878,0.2108
2.244,0.2794,0.2001
2.248,0.2994,0.2152
2.252,0.3055,0.2099
2.256,0.2732,0.2162
2.26,0.2864,0.2127
2.264,0.2686,0.2006
2.268,0.2723,0.1943
2.272,0.2546,0.1656
2.276,0.2262,0.1316
2.28,0.1922,0.1422
2.284,0.1984,0.1303
2.288,0.1739,0.112
2.292,0.1441,0.1057
2.296,0.13,0.095
2.3,0.1026,0.0669
2.304,0.0872,0.0699
2.308,0.0688,0.0701
2.312,0.0699,0.0327
2.316,0.0537,0.0444
2.32,0.0348,0.0331
2.324,0.0177,0.0291
2.328,0.0211,0.0149
2.332,0.0239,0.0219
2.336,0.0117,0.0027
2.34,-0.0008,0.0075
2.344,-0.0045,0.0021
2.348,0.0029,-0.0058
2.352,-0.0122,-0.0093
2.356,0.0169,-0.0011
2.36,0.0092,0.0044
2.364,0.0039,0.0146
2.368,0.0007,-0.005
2.372,-0.0191,-0.0019
2.376,-0.0008,0.0073
2.38,-0.0017,-0.0067
2.384,-0.0043,0.0078
2.388,-0.0098,0.0121
2.392,0.0022,-0.0028
2.396,-0.0043,-0.0099
2.4,-0.0156,-0.0035
2.404,0.0044,0.0031
2.408,-0.0064,-0.0024
2.412,0.0012,-0.0133
2.416,0.0027,-0.0101
2.42,-0.0038,-0.0061
2.424,0.0142,0.0062
2.428,0.0036,0.0052
2.432,0.0,0.0025
2.436,0.0046,-0.0072
2.44,-0.0057,-0.0127
2.444,-0.0175,-0.0036
2.448,-0.003,0.0132
2.452,0.0041,-0.0144
2.456,0.0045,-0.0025
2.46,-0.004,-0.0225
2.464,0.001,-0.0034
2.468,0.0023,0.0001
2.472,0.0037,0.0013
2.476,-0.0134,0.0016
2.48,-0.0128,-0.0016
2.484,0.0039,0.0095
2.488,-0.0029,-0.0099
2.492,0.0034,-0.001
2.496,0.0023,-0.0076
2.5,0.0022,0.0095
2.504,0.0021,0.0037
2.508,-0.0002,-0.0157
2.512,0.0059,-0.0047
2.516,-0.0026,0.0079
2.52,-0.0099,-0.013
2.524,0.0046,0.0061
2.528,-0.0136,-0.0021
2.532,0.012,0.0069
2.536,-0.0217,-0.0029
2.54,-0.0076,-0.0131
2.544,-0.0144,0.0036
2.548,0.0055,0.0025
2.552,-0.0019,0.0142
2.556,0.0013,0.0116
2.56,-0.0131,-0.0091
2.564,-0.0082,0.0049
2.568,-0.0088,-0.0188
2.572,-0.0002,0.0135
2.576,0.0032,0.0113
2.58,0.0053,0.0021
2.584,0.0032,0.0068
2.588,0.0047,0.0019
2.592,0.0168,0.017
2.596,0.0124,-0.0033
2.6,0.0004,0.0201
2.604,0.0243,0.0356
2.608,0.04,0.0213
2.612,0.0539,0.0365
2.616,0.0627,0.0596
2.62,0.0886,0.0585
2.624,0.1077,0.0732
2.628,0.1333,0.0768
2.632,0.1366,0.075
2.636,0.1485,0.1118
2.64,0.1473,0.0915
2.644,0.128,0.1112
2.648,0.1368,0.0914
2.652,0.1318,0.0876
2.656,0.13,0.0757
2.66,0.095,0.0609
2.664,0.0614,0.062
2.668,0.0834,0.0378
2.672,0.0415,0.021
2.676,0.0242,0.0159
2.68,0.0323,0.0243
2.684,-0.0106,-0.0092
2.688,0.0112,0.0125
2.692,0.0146,0.0076
2.696,-0.0055,-0.0019
2.7,0.0039,0.001
2.704,0.0077,0.0192
2.708,0.0086,0.0143
2.712,-0.0035,-0.009
2.716,0.0198,-0.0032
2.72,-0.0015,0.0038
2.724,-0.0022,-0.0016
2.728,-0.003,-0.0077
2.732,0.0041,-0.0046
2.736,-0.0092,-0.0014
2.74,-0.0093,0.0091
2.744,-0.0053,0.0072
2.748,0.0041,0.0152
2.752,-0.0004,0.0024
2.756,0.0188,0.0216
2.76,-0.0114,-0.0048
2.764,-0.0061,-0.0077
2.768,-0.0412,-0.0426
2.772,-0.0954,-0.0669
2.776,-0.1124,-0.1025
2.78,-0.1134,-0.0599
2.784,0.0098,-0.0181
2.788,0.2317,0.1668
2.792,0.5597,0.3927
2.796,0.856,0.6095
2.8,0.9724,0.7007
2.804,0.8562,0.5832
2.808,0.5355,0.3719
2.812,0.1851,0.1311
2.816,-0.0793,-0.0626
2.82,-0.2013,-0.1473
2.824,-0.1954,-0.1581
2.828,-0.1594,-0.1142
2.832,-0.0863,-0.0619
2.836,-0.0281,-0.0145
2.84,-0.0064,-0.0145
2.844,0.0011,-0.0107
2.848,0.0179,0.0018
2.852,-0.0019,-0.0071
2.856,-0.0138,0.0085
2.86,-0.013,-0.0134
2.864,-0.0152,0.0172
2.868,-0.0141,0.0045
2.872,0.0181,-0.0038
2.876,-0.0034,-0.0123
2.88,-0.0114,0.0173
2.884,-0.0104,0.0002
2.888,0.0072,0.0139
2.892,-0.0139,-0.0001
2.896,0.014,-0.015
2.9,0.0214,-0.0162
2.904,0.0034,-0.0098
2.908,-0.0098,-0.0021
2.912,0.0035,0.0052
2.916,-0.0035,-0.0089
2.92,-0.0255,0.0161
2.924,-0.0124,0.0151
2.928,0.0136,-0.0011
2.932,0.0082,0.0009
2.936,-0.0009,-0.0121
2.94,0.0002,0.0062
2.944,0.0031,0.0099
2.948,0.0027,0.003
2.952,0.006,0.0375
2.956,-0.0071,0.0047
2.96,0.0152,0.0173
2.964,0.0196,0.0112
2.968,0.0327,0.025
2.972,0.0354,0.0135
2.976,0.0124,0.0109
2.98,0.0539,0.0266
2.984,0.0537,0.0381
2.988,0.0676,0.0549
2.992,0.0752,0.0597
2.996,0.0838,0.0657
3.0,0.1132,0.0986
3.004,0.1267,0.0967
3.008,0.16,0.0965
3.012,0.174,0.1354
3.016,0.19,0.1248
3.02,0.217,0.1292
3.024,0.2399,0.1572
3.028,0.2452,0.1663
3.032,0.2721,0.1807
3.036,0.2878,0.1827
3.04,0.2903,0.2056
3.044,0.2906,0.2066
3.048,0.2966,0.2213
3.052,0.3003,0.208
3.056,0.275,0.2117
3.06,0.2909,0.1973
3.064,0.2674,0.1727
3.068,0.264,0.1936
3.072,0.2461,0.1834
3.076,0.2235,0.1556
3.08,0.2214,0.1501
3.084,0.1816,0.1443
3.088,0.1735,0.1162
3.092,0.1321,0.108
3.096,0.1308,0.0783
3.1,0.1015,0.0951
3.104,0.0893,0.065
3.108,0.0875,0.0588
3.112,0.051,0.0361
3.116,0.0399,0.0405
3.12,0.0254,0.0203
3.124,0.0143,0.0271
3.128,0.0132,0.0042
3.132,0.0195,0.0052
3.136,0.0067,0.018
3.14,0.0099,0.0157
3.144,0.0032,-0.0028
3.148,0.0167,-0.0006
3.152,0.0142,0.0088
3.156,0.0011,0.0017
3.16,-0.004,0.0066
3.164,0.0088,0.0104
3.168,0.0031,0.0113
3.172,0.0088,0.012
3.176,0.0084,-0.0271
3.18,-0.0045,-0.0014
3.184,0.0154,-0.0103
3.188,0.002,0.0014
3.192,-0.001,-0.001
3.196,0.0052,0.0017
3.2,0.0076,0.0141
3.204,0.0085,-0.0005
3.208,-0.0091,0.0095
3.212,0.0016,-0.0178
3.216,-0.0082,-0.0113
3.22,0.0059,0.0045
3.224,-0.017,0.0029
3.228,0.0096,0.0105
3.232,-0.001,0.0186
3.236,0.0103,0.0014
3.24,0.0027,-0.0068
3.244,0.0028,-0.0114
3.248,0.0126,0.0049
3.252,-0.0038,-0.0024
3.256,0.0121,-0.0056
3.26,-0.0115,-0.0004
3.264,-0.0055,-0.0029
3.268,-0.0166,-0.0311
3.272,-0.0115,0.0292
3.276,0.0006,0.0123
3.28,0.0234,0.0152
3.284,-0.0103,-0.0214
3.288,0.006,0.0229
3.292,-0.01,-0.0074
3.296,0.0167,0.0004
3.3,0.01,-0.0118
3.304,-0.0163,0.0083
3.308,-0.0034,0.0032
3.312,-0.0171,0.0149
3.316,-0.0081,-0.0034
3.32,-0.0071,0.0122
3.324,-0.0065,-0.0183
3.328,-0.0004,-0.0125
3.332,0.0012,-0.0004
3.336,-0.0039,-0.011
3.34,-0.0007,0.0082
3.344,0.0017,-0.0022
3.348,0.0069,0.0128
3.352,0.0015,-0.0078
3.356,0.0172,0.0079
3.36,-0.0103,0.0087
3.364,0.0018,0.0038
3.368,-0.0107,0.0249
3.372,0.0039,0.0038
3.376,-0.001,-0.0032
3.38,-0.0125,0.0065
3.384,-0.0064,0.0013
3.388,-0.0087,-0.0059
3.392,0.0221,-0.0118
3.396,0.0217,-0.0027
3.4,0.0001,0.0085
3.404,0.0287,0.0265
3.408,0.0533,0.0179
3.412,0.0636,0.0399
3.416,0.0879,0.0554
3.42,0.08,0.041
3.424,0.093,0.0742
3.428,0.1307,0.0747
3.432,0.1484,0.105
3.436,0.1228,0.0953
3.44,0.1429,0.1042
3.444,0.1468,0.0935
3.448,0.1518,0.0954
3.452,0.1229,0.0888
3.456,0.127,0.069
3.46,0.0943,0.063
3.464,0.0771,0.049
3.468,0.0709,0.0523
3.472,0.0647,0.0261
3.476,0.0409,0.0214
3.48,0.0104,0.015
3.484,0.0258,0.0128
3.488,0.0016,-0.0012
3.492,0.0211,0.0035
3.496,-0.0108,0.0079
3.5,0.0081,0.0192
3.504,0.0084,0.0025
3.508,0.0099,0.0016
3.512,-0.0109,0.0031
3.516,-0.0096,-0.0109
3.52,-0.0011,0.0134
3.524,0.0041,-0.003
3.528,0.0184,0.0028
3.532,-0.0025,-0.0028
3.536,0.0083,0.0121
3.54,0.0219,-0.0082
3.544,0.001,-0.0071
3.548,-0.0093,-0.0094
3.552,-0.0218,0.0122
3.556,-0.0066,-0.0193
3.56,-0.0113,0.0032
3.564,-0.0109,-0.0092
3.568,-0.0313,-0.037
3.572,-0.0951,-0.0602
3.576,-0.1203,-0.0798
3.58,-0.1145,-0.0618
3.584,0.0063,-0.0053
3.588,0.2485,0.1755
3.592,0.5622,0.3839
3.596,0.8574,0.6142
3.6,0.9956,0.6819
3.604,0.8416,0.6048
3.608,0.5095,0.3545
3.612,0.1815,0.1118
3.616,-0.0837,-0.0625
3.62,-0.2099,-0.1289
3.624,-0.2051,-0.1516
3.628,-0.1433,-0.0988
3.632,-0.0722,-0.0584
3.636,-0.0347,-0.019
3.64,-0.0165,-0.0158
3.644,0.0015,-0.0063
3.648,0.003,-0.0051
3.652,-0.0002,-0.0056
3.656,0.0013,-0.0015
3.66,0.0116,0.0086
3.664,-0.015,0.0092
3.668,-0.0177,-0.0165
3.672,-0.005,-0.0012
3.676,0.0063,0.0118
3.68,-0.0064,0.0024
3.684,0.0092,-0.0098
3.688,0.0032,0.003
3.692,-0.0001,-0.0174
3.696,-0.0005,0.0175
3.7,-0.003,-0.0037
3.704,0.0193,0.0106
3.708,0.0067,0.0119
3.712,-0.0167,0.0017
3.716,0.0095,0.0111
3.72,0.0104,0.0087
3.724,0.011,-0.0087
3.728,0.0065,0.0127
3.732,-0.0143,-0.0059
3.736,0.0059,-0.0107
3.74,-0.0008,-0.0188
3.744,-0.0074,0.0069
3.748,-0.0017,-0.0098
3.752,0.0025,-0.0032
3.756,0.017,0.0011
3.76,0.0025,-0.0144
3.764,0.0073,0.0127
3.768,-0.0003,0.0139
3.772,0.0411,0.0039
3.776,0.0186,0.0224
3.78,0.0656,0.044
3.784,0.0407,0.0232
3.788,0.0631,0.0589
3.792,0.0758,0.057
3.796,0.0958,0.0641
3.8,0.11,0.0724
3.804,0.1179,0.0882
3.808,0.1399,0.0966
3.812,0.1595,0.1227
3.816,0.1856,0.1459
3.82,0.2027,0.1583
3.824,0.2344,0.1682
3.828,0.2792,0.1588
3.832,0.2565,0.1894
3.836,0.2697,0.1777
3.84,0.2792,0.2066
3.844,0.3046,0.2134
3.848,0.293,0.2191
3.852,0.2764,0.202
3.856,0.2924,0.1935
3.86,0.2844,0.2042
3.864,0.2621,0.1962
3.868,0.2791,0.1862
3.872,0.2455,0.1633
3.876,0.2198,0.168
3.88,0.1869,0.1258
3.884,0.2179,0.1313
3.888,0.1757,0.1139
3.892,0.1379,0.1015
3.896,0.1239,0.0802
3.9,0.0864,0.0757
3.904,0.095,0.0593
3.908,0.0728,0.0409
3.912,0.0658,0.0643
3.916,0.0577,0.0295
3.92,0.0538,0.0376
3.924,0.0431,0.0164
3.928,0.0225,0.0342
3.932,0.0407,0.0086
3.936,0.0096,-0.0077
3.94,-0.0025,0.0237
3.944,0.0083,-0.0073
3.948,-0.0031,0.0242
3.952,0.0082,0.002
3.956,0.0173,-0.0007
3.96,0.0064,-0.0086
3.964,-0.0064,-0.0093
3.968,-0.002,0.0139
3.972,0.0034,0.0075
3.976,-0.0101,0.004
3.98,-0.0227,0.01
3.984,0.0005,0.0031
3.988,0.0064,-0.0202
3.992,-0.0199,-0.0029
3.996,0.0086,-0.0022
4.0,0.0142,-0.0105
4.004,0.0348,-0.0142
4.008,0.0107,0.0014
4.012,0.0123,-0.0004
4.016,0.0019,-0.0178
4.02,-0.0072,0.0218
4.024,-0.0101,-0.0086
4.028,-0.0037,-0.0062
4.032,0.002,0.0004
4.036,-0.0196,0.005
4.04,-0.0184,-0.0068
4.044,0.0108,0.0103
4.048,-0.015,-0.0065
4.052,-0.0023,0.0033
4.056,0.0089,-0.0022
4.06,-0.0163,-0.0028
4.064,0.0082,0.0109
4.068,-0.0022,-0.0005
4.072,0.0165,-0.014
4.076,0.0001,-0.002
4.08,-0.0151,0.0032
4.084,-0.0076,0.0019
4.088,-0.0032,0.006
4.092,-0.0108,-0.0008
4.096,0.01,-0.0025
4.1,-0.0154,0.0039
4.104,0.0008,0.0074
4.108,0.0011,0.0069
4.112,0.0028,-0.0039
4.116,0.0096,-0.0082
4.12,0.0084,-0.0173
4.124,0.0181,0.0167
4.128,-0.0074,-0.0109
4.132,0.0188,-0.0017
4.136,0.0047,0.0019
4.14,0.0001,-0.0163
4.144,0.0102,-0.0028
4.148,-0.0011,0.0037
4.152,-0.0075,0.0074
4.156,-0.0004,-0.02
4.16,0.0144,-0.009
4.164,0.0029,0.012
4.168,0.0066,-0.0027
4.172,-0.0113,0.0042
4.176,-0.002,0.0023
4.18,-0.007,0.0036
4.184,-0.003,-0.0076
4.188,-0.008,-0.0055
4.192,-0.0015,-0.0131
4.196,0.0159,0.0098
4.2,0.0124,0.0173
4.204,0.0395,0.0333
4.208,0.0488,0.0284
4.212,0.0536,0.0437
4.216,0.0769,0.0399
4.22,0.092,0.0682
4.224,0.1024,0.0497
4.228,0.1267,0.0926
4.232,0.143,0.0915
4.236,0.1573,0.1029
4.24,0.1571,0.1159
4.244,0.145,0.0833
4.248,0.1255,0.077
4.252,0.1305,0.0905
4.256,0.1137,0.0762
4.26,0.0707,0.0646
4.264,0.0819,0.0701
4.268,0.067,0.0255
4.272,0.0407,0.0356
4.276,0.0438,0.0305
4.28,0.0074,0.018
4.284,0.0142,0.0171
4.288,0.0096,0.0222
4.292,-0.0013,0.0042
4.296,-0.0028,0.0132
4.3,0.0064,-0.0189
4.304,0.002,0.0217
4.308,-0.0187,0.0038
4.312,-0.0076,0.0114
4.316,-0.0119,-0.001
4.32,0.0262,-0.0237
4.324,0.0241,-0.0019
4.328,-0.0045,-0.0165
4.332,0.0004,0.0092
4.336,0.0025,0.0052
4.34,-0.0068,-0.0118
4.344,-0.0022,0.0079
4.348,-0.016,-0.0061
4.352,-0.0036,-0.0018
4.356,-0.0002,-0.0042
4.36,-0.0079,-0.0015
4.364,-0.0234,-0.0209
4.368,-0.0659,-0.0327
4.372,-0.0791,-0.0765
4.376,-0.1268,-0.0889
4.38,-0.1041,-0.0774
4.384,0.0021,0.0077
4.388,0.2263,0.1597
4.392,0.556,0.3872
4.396,0.87,0.5891
4.4,0.9611,0.6792
4.404,0.8531,0.5741
4.408,0.5129,0.3561
4.412,0.1777,0.127
4.416,-0.0874,-0.0702
4.42,-0.2109,-0.1457
4.424,-0.1892,-0.1537
4.428,-0.1482,-0.1127
4.432,-0.084,-0.0519
4.436,-0.0272,-0.017
4.44,-0.0223,-0.0346
4.444,0.0085,0.0136
4.448,0.0119,0.0125
4.452,0.0075,-0.0002
4.456,-0.003,-0.0052
4.46,0.003,-0.0267
4.464,0.0001,-0.0007
4.468,0.0098,-0.0115
4.472,-0.0208,0.0008
4.476,0.0299,-0.0064
4.48,0.0097,-0.0073
4.484,-0.0041,0.0066
4.488,0.004,-0.0144
4.492,-0.0225,-0.0188
4.496,0.0006,0.0076
4.5,0.005,0.0111
4.504,-0.0034,0.008
4.508,0.0202,-0.0046
4.512,0.0115,-0.0034
4.516,-0.0008,0.0078
4.52,-0.0098,-0.023
4.524,0.0024,-0.0003
4.528,-0.0002,0.0047
4.532,0.0081,0.0159
4.536,0.0009,0.0117
4.54,-0.006,-0.0028
4.544,0.0042,-0.0005
4.548,-0.0096,0.0104
4.552,0.0006,0.0159
4.556,-0.0028,0.0227
4.56,0.0072,0.0266
4.564,0.0233,0.0083
4.568,0.0227,0.0158
4.572,0.0261,0.0224
4.576,0.0294,0.0324
4.58,0.0503,0.0386
4.584,0.0519,0.0369
4.588,0.0405,0.0514
4.592,0.0926,0.0421
4.596,0.1034,0.0498
4.6,0.1225,0.0799
4.604,0.1271,0.096
4.608,0.1343,0.0905
4.612,0.172,0.1458
4.616,0.1827,0.1411
4.62,0.2106,0.1374
4.624,0.2333,0.1658
4.628,0.2543,0.1562
4.632,0.2622,0.1839
4.636,0.2791,0.1835
4.64,0.2749,0.1947
4.644,0.3035,0.2032
4.648,0.292,0.2114
4.652,0.2859,0.211
4.656,0.3116,0.2195
4.66,0.2936,0.1972
4.664,0.2709,0.1798
4.668,0.2635,0.1836
4.672,0.2208,0.1719
4.676,0.2397,0.1534
4.68,0.2199,0.1391
4.684,0.1796,0.1088
4.688,0.1776,0.1162
4.692,0.152,0.1033
4.696,0.1377,0.0847
4.7,0.1077,0.0885
4.704,0.0806,0.0499
4.708,0.0808,0.0703
4.712,0.0453,0.0402
4.716,0.0535,0.0413
4.72,0.0441,0.0485
4.724,0.047,0.0238
4.728,0.0295,0.0242
4.732,0.0295,0.0219
4.736,0.0156,0.0385
4.74,0.0038,-0.003
4.744,0.0029,0.0128
4.748,0.0053,0.0207
4.752,-0.0029,0.0145
4.756,-0.0207,0.0127
4.76,0.0077,0.0011
4.764,-0.0017,0.0111
4.768,0.0051,0.0044
4.772,0.0086,-0.0103
4.776,0.0007,-0.0117
4.78,-0.0076,0.0076
4.784,-0.0125,-0.0082
4.788,0.0111,0.0077
4.792,0.0037,0.0021
4.796,-0.0037,0.013
4.8,0.0046,-0.0125
4.804,0.0119,0.0079
4.808,-0.0088,0.0028
4.812,0.0131,0.0059
4.816,-0.0154,-0.0073
4.82,0.0065,0.0082
4.824,0.0163,-0.0117
4.828,-0.0054,-0.0067
4.832,0.0113,0.0004
4.836,-0.0017,0.0009
4.84,-0.003,0.0152
4.844,0.0002,0.0192
4.848,0.0102,-0.0051
4.852,-0.0104,-0.0136
4.856,-0.0146,0.0141
4.86,0.0011,-0.0086
4.864,-0.0094,-0.0086
4.868,0.0085,-0.0062
4.872,0.0015,0.0071
4.876,0.0081,0.0054
4.88,-0.0043,0.0101
4.884,-0.0046,-0.0123
4.888,0.0052,-0.0125
4.892,0.0034,0.006
4.896,-0.0019,-0.0
4.9,-0.0054,-0.0134
4.904,-0.0186,0.0039
4.908,-0.01,0.0047
4.912,-0.0121,-0.0077
4.916,0.0055,0.0248
4.92,0.0036,-0.0062
4.924,-0.0077,-0.0022
4.928,0.0019,0.0068
4.932,0.0015,-0.0166
4.936,-0.0171,-0.0118
4.94,-0.0146,-0.0081
4.944,-0.0033,-0.0039
4.948,0.0071,-0.0112
4.952,0.0001,-0.0006
4.956,-0.0134,-0.0014
4.96,-0.0115,0.0048
4.964,0.0084,-0.0095
4.968,0.0083,-0.0053
4.972,-0.0016,0.0136
4.976,0.0133,0.0074
4.98,0.0097,-0.0017
4.984,0.006,-0.0029
4.988,-0.0025,0.0139
4.992,0.0053,0.0067
4.996,0.016,0.01
5.0,0.0059,0.0046
5.004,0.0408,0.0213
5.008,0.0386,0.0314
5.012,0.0548,0.0381
5.016,0.0608,0.0364
5.02,0.0947,0.0567
5.024,0.1196,0.0737
5.028,0.1258,0.0858
5.032,0.1507,0.0889
5.036,0.1483,0.1027
5.04,0.1255,0.0861
5.044,0.1565,0.1176
5.048,0.1385,0.1142
5.052,0.1174,0.0893
5.056,0.1136,0.0799
5.06,0.0987,0.069
5.064,0.0646,0.0402
5.068,0.0707,0.0433
5.072,0.0235,0.023
5.076,0.026,0.0187
5.08,0.0274,0.0171
5.084,0.0087,0.0267
5.088,0.0185,0.0102
5.092,-0.0059,0.0045
5.096,-0.0016,-0.0029
5.1,0.002,0.0002
5.104,-0.0095,0.0093
5.108,0.0024,-0.011
5.112,-0.0097,0.0066
5.116,-0.0008,-0.0136
5.12,-0.0096,0.0014
5.124,-0.0102,0.0068
5.128,0.0263,-0.0028
5.132,0.0042,0.0094
5.136,0.0012,-0.0158
5.14,-0.0177,-0.0074
5.144,0.0173,-0.0006
5.148,-0.0161,0.0052
5.152,0.0083,0.0042
5.156,-0.0071,-0.0144
5.16,-0.0018,-0.0197
5.164,-0.0137,-0.0125
5.168,-0.0367,-0.0318
5.172,-0.0677,-0.0403
5.176,-0.1246,-0.0831
5.18,-0.1178,-0.073
5.184,-0.0004,0.0319
5.188,0.2283,0.1383
5.192,0.568,0.3696
5.196,0.8671,0.604
5.2,0.976,0.6884
5.204,0.8477,0.5919
5.208,0.5174,0.3685
5.212,0.1692,0.1068
5.216,-0.0814,-0.0658
5.22,-0.2033,-0.1266
5.224,-0.2069,-0.1482
5.228,-0.1333,-0.0992
5.232,-0.1063,-0.0423
5.236,-0.0345,-0.0301
5.24,-0.0067,-0.0066
5.244,0.0132,0.0058
5.248,-0.0034,-0.01
5.252,0.0016,0.0014
5.256,0.0109,-0.0003
5.26,-0.0198,-0.0018
5.264,0.0126,-0.0065
5.268,-0.0012,0.0037
5.272,-0.0065,-0.0004
5.276,-0.0031,-0.0016
5.28,-0.0137,-0.0119
5.284,0.0092,0.0014
5.288,0.0121,0.0233
5.292,0.0024,-0.0026
5.296,0.0009,0.0053
5.3,-0.0141,0.0113
5.304,-0.0008,-0.013
5.308,0.0065,-0.0165
5.312,0.0121,-0.0001
5.316,0.0029,-0.0062
5.32,-0.0068,0.0147
5.324,-0.0005,-0.0143
5.328,-0.0055,-0.0015
5.332,-0.0152,0.0023
5.336,0.0149,0.0083
5.34,0.0068,0.0051
5.344,-0.0095,0.0154
5.348,0.0031,0.0052
5.352,0.004,0.0023
5.356,-0.0081,0.0041
5.36,0.0021,0.0088
5.364,0.0231,0.0261
5.368,0.0204,0.0276
5.372,0.0262,0.0171
5.376,0.0506,0.0207
5.38,0.0208,0.038
5.384,0.048,0.0226
5.388,0.0556,0.0197
5.392,0.0771,0.044
5.396,0.0714,0.0591
5.4,0.1133,0.0953
5.404,0.1274,0.0987
5.408,0.1601,0.09
5.412,0.1647,0.0925
5.416,0.1833,0.1406
5.42,0.2198,0.1513
5.424,0.2198,0.1709
5.428,0.2672,0.1592
5.432,0.2757,0.1785
5.436,0.2936,0.1814
5.44,0.2847,0.2097
5.444,0.3012,0.2065
5.448,0.2943,0.2139
5.452,0.3267,0.216
5.456,0.2719,0.1986
5.46,0.2919,0.2034
5.464,0.2989,0.1953
5.468,0.2623,0.1844
5.472,0.2367,0.1793
5.476,0.2361,0.1549
5.48,0.2213,0.1514
5.484,0.2016,0.1328
5.488,0.1823,0.1178
5.492,0.1483,0.0973
5.496,0.1195,0.0864
5.5,0.1148,0.0833
5.504,0.0872,0.0612
5.508,0.0764,0.0612
5.512,0.0812,0.0227
5.516,0.0544,0.0343
5.52,0.0379,0.0183
5.524,0.0329,0.0315
5.528,0.0274,0.004
5.532,0.0093,0.0075
5.536,0.0169,-0.0034
5.54,0.0112,-0.0001
5.544,-0.0115,0.0313
5.548,0.0047,-0.008
5.552,0.0172,0.0065
5.556,-0.0025,0.0129
5.56,0.0076,0.0092
5.564,0.0005,-0.0128
5.568,-0.008,-0.0046
5.572,0.0023,0.0153
5.576,-0.0031,0.0017
5.58,0.0164,-0.0128
5.584,-0.0117,0.0105
5.588,0.0204,0.0017
5.592,-0.0103,-0.0033
5.596,-0.0144,-0.0044
5.6,-0.0011,-0.0024
5.604,0.0096,-0.0077
5.608,0.0043,-0.008
5.612,0.0012,-0.0031
5.616,-0.0236,-0.0025
5.62,-0.0086,0.0035
5.624,-0.0009,-0.003
5.628,-0.0139,0.0137
5.632,-0.0106,0.0087
5.636,0.0041,-0.0079
5.64,-0.005,-0.0143
5.644,-0.0166,0.0018
5.648,0.0242,0.003
5.652,-0.0087,0.0105
5.656,-0.0193,0.0051
5.66,0.0138,-0.0084
5.664,-0.0048,-0.0031
5.668,0.0043,-0.0196
5.672,-0.0055,0.0031
5.676,0.0159,0.007
5.68,0.0015,0.0032
5.684,0.0059,0.0083
5.688,-0.0024,-0.0061
5.692,-0.0137,0.0011
5.696,0.0025,-0.0041
5.7,0.0054,0.0036
5.704,-0.0066,0.0111
5.708,-0.0029,0.0081
5.712,-0.0159,0.0002
5.716,0.0008,-0.0049
5.72,-0.0103,-0.0248
5.724,-0.0091,0.0038
5.728,0.0095,-0.0044
5.732,0.0002,-0.0073
5.736,-0.007,0.0017
5.74,0.0004,-0.0082
5.744,-0.0189,-0.0242
5.748,0.0021,-0.0081
5.752,-0.0178,-0.0095
5.756,-0.0045,-0.0079
5.76,0.006,-0.0057
5.764,0.0037,0.0002
5.768,-0.0109,0.0033
5.772,0.0015,0.001
5.776,0.0113,-0.0024
5.78,0.0107,-0.0039
5.784,-0.0174,0.0294
5.788,-0.0015,0.0061
5.792,0.0138,0.0094
5.796,0.0287,0.009
5.8,0.0145,0.0263
5.804,0.0268,0.0249
5.808,0.0362,0.0171
5.812,0.063,0.0245
5.816,0.0694,0.0535
5.82,0.0751,0.0816
5.824,0.1091,0.0678
5.828,0.1351,0.0898
5.832,0.136,0.0811
5.836,0.1438,0.1117
5.84,0.1489,0.1082
5.844,0.1443,0.1008
5.848,0.1387,0.0676
5.852,0.1417,0.0764
5.856,0.1085,0.0839
5.86,0.1046,0.0507
5.864,0.074,0.0494
5.868,0.0597,0.0335
5.872,0.0426,0.0351
5.876,0.0437,0.0167
5.88,0.0265,0.0113
5.884,0.0148,-0.0061
5.888,-0.0014,0.0137
5.892,0.0176,-0.0065
5.896,-0.0234,0.0019
5.9,0.0029,0.003
5.904,0.0056,0.0071
5.908,0.0033,0.0007
5.912,-0.0079,-0.0193
5.916,-0.0073,0.0073
5.92,-0.0132,-0.0149
5.924,-0.014,-0.0117
5.928,0.0132,0.019
5.932,0.0003,0.0116
5.936,-0.001,0.0188
5.94,0.0086,0.001
5.944,-0.0217,0.0044
5.948,0.0125,0.0052
5.952,0.0137,0.0093
5.956,-0.001,0.0215
5.96,-0.0213,-0.0029
5.964,-0.0188,-0.0333
5.968,-0.0428,-0.0279
5.972,-0.0886,-0.0497
5.976,-0.1283,-0.0895
5.98,-0.1248,-0.0947
5.984,0.0138,0.0074
5.988,0.2441,0.1758
5.992,0.575,0.3756
5.996,0.8568,0.5861
6.0,0.9788,0.6864
6.004,0.8384,0.6023
6.008,0.5266,0.3604
6.012,0.1589,0.1129
6.016,-0.0875,-0.0297
6.02,-0.2025,-0.1113
6.024,-0.1996,-0.1373
6.028,-0.1535,-0.1036
6.032,-0.074,-0.0727
6.036,-0.018,-0.0044
6.04,-0.0113,-0.0251
6.044,0.0033,0.0066
6.048,0.0017,0.0065
6.052,0.0058,0.0097
6.056,-0.0067,-0.0098
6.06,-0.0088,-0.006
6.064,0.0004,-0.0056
6.068,0.0033,-0.0122
6.072,-0.0013,-0.0038
6.076,-0.0156,-0.0157
6.08,0.0051,-0.0092
6.084,-0.0013,-0.0038
6.088,-0.008,0.0147
6.092,0.001,0.0052
6.096,-0.0103,0.0054
6.1,0.0146,-0.0056
6.104,0.0015,-0.0154
6.108,0.0155,-0.0193
6.112,0.0086,-0.0167
6.116,0.0162,0.009
6.12,0.0044,0.0051
6.124,0.0175,-0.0005
6.128,0.0063,-0.0156
6.132,-0.0062,-0.0067
6.136,-0.0083,0.0008
6.14,-0.0109,-0.016
6.144,-0.0091,0.0109
6.148,0.0007,0.0084
6.152,0.0115,0.0006
6.156,0.0137,0.0151
6.16,0.0198,0.0159
6.164,0.0293,0.0103
6.168,0.0133,0.0199
6.172,0.0308,0.0152
6.176,0.0337,0.041
6.18,0.0528,0.0252
6.184,0.0401,0.0496
6.188,0.0706,0.0526
6.192,0.0714,0.0496
6.196,0.0923,0.0554
6.2,0.112,0.0931
6.204,0.1385,0.0966
6.208,0.1421,0.1055
6.212,0.1587,0.1213
6.216,0.1865,0.1147
6.22,0.2153,0.161
6.224,0.2389,0.1437
6.228,0.2436,0.1729
6.232,0.2612,0.1675
6.236,0.2795,0.1864
6.24,0.2702,0.2101
6.244,0.2933,0.1998
6.248,0.3243,0.212
6.252,0.2889,0.2047
6.256,0.2931,0.2071
6.26,0.2876,0.2073
6.264,0.2717,0.2062
6.268,0.2666,0.1943
6.272,0.2314,0.1706
6.276,0.22,0.1522
6.28,0.1954,0.1403
6.284,0.1738,0.1236
6.288,0.1816,0.1139
6.292,0.1461,0.1077
6.296,0.1343,0.0936
6.3,0.1033,0.0765
6.304,0.0936,0.0647
6.308,0.0723,0.0574
6.312,0.0427,0.0406
6.316,0.0511,0.0352
6.32,0.0535,0.0181
6.324,0.03,0.0411
6.328,0.0348,0.0137
6.332,0.0099,0.0161
6.336,0.0132,0.006
6.34,0.0236,0.0065
6.344,0.0031,0.002
6.348,0.001,-0.0009
6.352,-0.0143,-0.0028
6.356,0.0178,0.0033
6.36,0.0124,-0.015
6.364,0.0005,-0.0058
6.368,-0.004,-0.0155
6.372,0.0063,0.0147
6.376,-0.0012,-0.004
6.38,0.0199,0.0246
6.384,-0.0155,-0.011
6.388,-0.0065,0.0131
6.392,0.0052,0.0044
6.396,-0.0133,-0.0039
6.4,0.0075,0.0004
6.404,-0.0034,0.0031
6.408,0.0048,0.0037
6.412,-0.0085,0.0139
6.416,-0.0044,0.0047
6.42,-0.0084,0.0059
6.424,-0.0014,-0.0144
6.428,-0.0065,0.0014
6.432,-0.0122,0.0142
6.436,0.012,0.0148
6.44,-0.001,-0.0035
6.444,0.0005,-0.0043
6.448,0.0181,-0.0049
6.452,-0.0074,-0.0062
6.456,0.0094,0.0093
6.46,-0.005,-0.0029
6.464,-0.0013,0.0157
6.468,0.0008,0.0211
6.472,-0.0157,0.0121
6.476,0.0162,0.003
6.48,0.0307,-0.0093
6.484,-0.0052,0.0018
6.488,-0.0109,-0.0062
6.492,0.0201,-0.0068
6.496,0.0032,0.002
6.5,0.0092,0.0137
6.504,-0.0014,-0.0041
6.508,0.0108,0.0009
6.512,-0.0098,-0.0119
6.516,0.0062,0.0107
6.52,0.001,0.0192
6.524,-0.0034,-0.0066
6.528,0.0011,0.001
6.532,0.0145,-0.0151
6.536,0.009,0.0171
6.54,-0.0187,0.0125
6.544,-0.0017,0.001
6.548,-0.0101,0.0114
6.552,0.0083,-0.0002
6.556,-0.0137,0.0098
6.56,-0.0,-0.0051
6.564,-0.001,0.0162
6.568,0.0245,0.0041
6.572,0.0149,0.0116
6.576,-0.012,0.0046
6.58,0.005,0.0044
6.584,0.0214,-0.0109
6.588,-0.0221,0.0021
6.592,0.0319,0.0075
6.596,0.0078,0.0
6.6,0.0074,-0.0039
6.604,0.0331,0.0271
6.608,0.0527,0.0283
6.612,0.0651,0.0422
6.616,0.0928,0.0451
6.62,0.0989,0.0573
6.624,0.1086,0.0732
6.628,0.1198,0.0818
6.632,0.1316,0.0951
6.636,0.1478,0.0907
6.64,0.1541,0.0936
6.644,0.1299,0.0989
6.648,0.1382,0.0817
6.652,0.1189,0.0925
6.656,0.115,0.0927
6.66,0.1146,0.0672
6.664,0.0724,0.048
6.668,0.0559,0.0248
6.672,0.0251,0.0115
6.676,0.0262,0.0328
6.68,0.0302,0.0131
6.684,0.0102,0.0038
6.688,0.0132,0.0097
6.692,0.0306,0.0043
6.696,0.005,0.0034
6.7,0.0156,0.0057
6.704,0.0111,0.0014
6.708,-0.0043,0.0097
6.712,-0.0034,-0.001
6.716,0.0057,-0.0057
6.72,0.003,-0.0016
6.724,0.0141,0.0128
6.728,0.009,0.002
6.732,-0.0009,0.0021
6.736,-0.0005,-0.0116
6.74,-0.0135,-0.0058
6.744,-0.003,0.0053
6.748,-0.0102,-0.0062
6.752,-0.0078,0.0134
6.756,-0.0044,-0.0029
6.76,-0.0075,-0.0037
6.764,-0.0041,-0.0148
6.768,-0.0359,-0.0282
6.772,-0.0809,-0.0729
6.776,-0.116,-0.075
6.78,-0.1138,-0.065
6.784,-0.0016,-0.0031
6.788,0.2346,0.1603
6.792,0.5668,0.3894
6.796,0.8692,0.6117
6.8,0.9702,0.6782
6.804,0.8487,0.6047
6.808,0.5393,0.3595
6.812,0.156,0.1062
6.816,-0.094,-0.0738
6.82,-0.202,-0.1485
6.824,-0.2142,-0.1479
6.828,-0.1383,-0.1025
6.832,-0.0765,-0.0655
6.836,-0.0374,-0.0338
6.84,-0.0126,0.0098
6.844,0.0078,0.008
6.848,0.0039,-0.0006
6.852,0.0028,-0.0062
6.856,0.0181,0.0143
6.86,0.0101,0.0084
6.864,0.0016,0.0108
6.868,-0.0077,0.0108
6.872,-0.0009,-0.0016
6.876,-0.0017,0.0134
6.88,0.0082,-0.0057
6.884,-0.0015,0.0223
6.888,0.0117,0.0118
6.892,0.0003,-0.0115
6.896,-0.0176,0.0106
6.9,0.0006,0.0001
6.904,-0.0115,-0.0099
6.908,-0.0001,-0.0127
6.912,-0.0013,0.0039
6.916,0.0006,-0.0075
6.92,-0.0004,0.0022
6.924,-0.004,-0.0012
6.928,0.0063,0.0015
6.932,0.0004,0.0114
6.936,-0.0025,0.0146
6.94,-0.0125,0.0002
6.944,0.0112,-0.0158
6.948,0.0036,-0.0042
6.952,0.001,0.0044
6.956,0.0011,0.0152
6.96,0.0239,0.0102
6.964,0.0151,0.0173
6.968,0.0204,0.0083
6.972,0.0139,0.0234
6.976,0.0424,0.0126
6.98,0.0383,0.0249
6.984,0.064,0.0328
6.988,0.0581,0.0517
6.992,0.0802,0.0623
6.996,0.1048,0.0528
7.0,0.1031,0.0759
7.004,0.122,0.09
7.008,0.1398,0.0999
7.012,0.1729,0.1266
7.016,0.1889,0.0959
7.02,0.1912,0.1271
7.024,0.2481,0.1586
7.028,0.2482,0.1894
7.032,0.2448,0.1915
7.036,0.2694,0.1974
7.04,0.2848,0.199
7.044,0.2931,0.2113
7.048,0.2946,0.1968
7.052,0.2997,0.2129
7.056,0.296,0.2009
7.06,0.2958,0.2071
7.064,0.2569,0.1709
7.068,0.2645,0.1637
7.072,0.2502,0.1718
7.076,0.2406,0.1536
7.08,0.2123,0.1423
7.084,0.2006,0.1319
7.088,0.1561,0.1409
7.092,0.1404,0.0911
7.096,0.138,0.0921
7.1,0.1059,0.0899
7.104,0.0719,0.0577
7.108,0.0747,0.0601
7.112,0.0534,0.0454
7.116,0.0805,0.0327
7.12,0.0423,0.0258
7.124,0.0304,0.032
7.128,0.0058,0.0313
7.132,0.0028,0.0179
7.136,0.0228,-0.0111
7.14,0.0111,-0.0047
7.144,0.0173,-0.0009
7.148,0.015,0.0008
7.152,-0.0109,0.0098
7.156,0.0025,0.0075
7.16,0.0066,0.0012
7.164,-0.0042,-0.0143
7.168,-0.0026,0.0111
7.172,-0.0176,0.0036
7.176,0.0204,-0.001
7.18,0.0076,0.0043
7.184,-0.0048,-0.0098
7.188,-0.0123,-0.0055
7.192,-0.0153,0.0053
7.196,-0.0079,0.0095
7.2,0.0024,-0.0057
7.204,0.004,-0.0015
7.208,-0.0131,-0.0057
7.212,0.0031,-0.0021
7.216,0.0129,0.0083
7.22,-0.0036,0.0014
7.224,-0.0071,-0.0017
7.228,-0.0077,-0.0128
7.232,0.0176,0.0138
7.236,-0.0026,0.0155
7.24,0.0114,0.0011
7.244,-0.0001,-0.0115
7.248,-0.0141,0.0087
7.252,-0.0046,-0.0013
7.256,-0.0045,-0.0111
7.26,0.0008,0.0095
7.264,0.0009,0.0301
7.268,0.0096,-0.0029
7.272,0.0019,0.0136
7.276,-0.0087,0.0067
7.28,0.0089,-0.01
7.284,-0.0169,0.0198
7.288,-0.0019,0.0051
7.292,-0.0021,0.0075
7.296,0.0057,0.0137
7.3,-0.0372,-0.0106
7.304,-0.0071,0.0006
7.308,-0.0025,-0.0147
7.312,0.0048,-0.0115
7.316,0.0098,-0.0024
7.32,0.0092,0.0037
7.324,-0.0045,0.0024
7.328,0.0084,0.0114
7.332,-0.0027,-0.0109
7.336,-0.0062,0.0021
7.34,-0.0036,-0.0237
7.344,0.0059,-0.0149
7.348,-0.0073,-0.0007
7.352,-0.0065,0.0094
7.356,-0.0098,0.0071
7.36,0.0051,0.0081
7.364,-0.0101,0.0014
7.368,0.0107,-0.005
7.372,0.0062,-0.0145
7.376,-0.0192,0.0147
7.38,0.0162,0.0023
7.384,-0.0008,-0.0255
7.388,0.0143,0.0022
7.392,0.0167,0.0195
7.396,0.0003,-0.007
7.4,0.0391,0.0278
7.404,0.0373,0.0261
7.408,0.0389,0.0348
7.412,0.0659,0.0512
7.416,0.0766,0.0657
7.42,0.1029,0.0665
7.424,0.1103,0.0815
7.428,0.1226,0.0712
7.432,0.1319,0.0953
7.436,0.155,0.1234
7.44,0.1608,0.1003
7.444,0.1413,0.093
7.448,0.1428,0.0992
7.452,0.1302,0.0819
7.456,0.0886,0.0768
7.46,0.0762,0.0643
7.464,0.071,0.0656
7.468,0.0523,0.0279
7.472,0.0579,0.0336
7.476,0.0139,0.0265
7.48,0.0091,0.0102
7.484,0.0115,0.0162
7.488,0.0066,0.0104
7.492,0.0047,0.0245
7.496,0.01,0.0144
7.5,0.0007,-0.0069
7.504,-0.0301,-0.0013
7.508,0.0067,-0.0039
7.512,-0.0027,0.0081
7.516,-0.0053,0.0074
7.52,-0.0106,0.0058
7.524,-0.012,-0.0008
7.528,-0.0007,-0.0045
7.532,-0.0052,0.0079
7.536,0.0037,0.0095
7.54,0.0054,-0.0129
7.544,0.0096,-0.0081
7.548,0.0158,-0.0009
7.552,-0.007,-0.0096
7.556,-0.0132,-0.0095
7.56,-0.0107,0.0055
7.564,-0.0232,-0.0109
7.568,-0.0606,-0.0229
7.572,-0.0655,-0.0554
7.576,-0.1377,-0.0778
7.58,-0.112,-0.0843
7.584,0.0086,-0.0145
7.588,0.2255,0.1621
7.592,0.5581,0.3879
7.596,0.8491,0.5936
7.6,0.9953,0.6998
7.604,0.8507,0.5951
7.608,0.5272,0.3562
7.612,0.1788,0.1213
7.616,-0.0839,-0.0527
7.62,-0.208,-0.1513
7.624,-0.2058,-0.1509
7.628,-0.1667,-0.1034
7.632,-0.0962,-0.0566
7.636,-0.0453,-0.0328
7.64,-0.0093,-0.0228
7.644,-0.0051,0.0112
7.648,-0.0115,-0.0056
7.652,-0.0032,-0.0158
7.656,-0.005,-0.0093
7.66,-0.0115,0.0063
7.664,0.0172,-0.0148
7.668,0.0024,0.0129
7.672,-0.01,-0.0044
7.676,0.0026,-0.0079
7.68,0.0056,0.0086
7.684,-0.0104,0.0093
7.688,-0.014,0.0084
7.692,-0.0037,0.0327
7.696,0.0212,-0.0023
7.7,-0.0005,0.0116
7.704,0.0008,-0.0009
7.708,0.0145,0.002
7.712,0.0021,0.0126
7.716,-0.0117,0.0028
7.72,-0.0075,0.0017
7.724,0.0088,-0.0057
7.728,-0.0116,-0.0041
7.732,-0.0053,0.0083
7.736,0.0081,0.0132
7.74,0.0048,0.009
7.744,0.0063,0.0098
7.748,0.0001,-0.0045
7.752,0.0178,0.0036
7.756,0.0106,0.0078
7.76,0.0102,0.0093
7.764,0.0243,-0.0006
7.768,0.0101,0.0193
7.772,0.0209,0.0197
7.776,0.028,0.0083
7.78,0.0347,0.0305
7.784,0.0408,0.0352
7.788,0.0582,0.0425
7.792,0.0734,0.0537
7.796,0.0956,0.0604
7.8,0.1015,0.093
7.804,0.1286,0.0839
7.808,0.1514,0.0992
7.812,0.1713,0.1367
7.816,0.2065,0.137
7.82,0.2156,0.1437
7.824,0.2375,0.1671
7.828,0.251,0.172
7.832,0.2617,0.172
7.836,0.2818,0.1915
7.84,0.273,0.214
7.844,0.293,0.2047
7.848,0.3172,0.201
7.852,0.2876,0.1955
7.856,0.2778,0.2179
7.86,0.2813,0.1864
7.864,0.2653,0.1766
7.868,0.246,0.1932
7.872,0.2398,0.1824
7.876,0.2165,0.1537
7.88,0.2049,0.1469
7.884,0.183,0.1357
7.888,0.1623,0.1201
7.892,0.1536,0.1101
7.896,0.1313,0.0859
7.9,0.1203,0.0766
7.904,0.1106,0.0589
7.908,0.0742,0.0499
7.912,0.0598,0.0515
7.916,0.0488,0.039
7.92,0.0373,0.0387
7.924,0.0303,0.034
7.928,0.0155,0.0317
7.932,0.0285,0.02
7.936,0.0165,0.003
7.94,0.0259,0.0038
7.944,0.0133,0.0104
7.948,-0.0078,0.0023
7.952,0.0112,0.0065
7.956,-0.0038,0.0123
7.96,0.0148,0.0089
7.964,0.0087,0.0029
7.968,0.0123,0.0089
7.972,-0.0184,-0.0005
7.976,0.0125,-0.002
7.98,-0.001,-0.0295
7.984,0.0159,0.0086
7.988,0.0132,0.0029
7.992,0.0089,0.0016
7.996,0.0171,-0.0058
8.0,0.0101,0.0216
8.004,0.0096,-0.0049
8.008,0.0137,-0.0007
8.012,-0.0194,0.0011
8.016,0.0165,-0.0
8.02,0.024,0.0002
8.024,-0.007,0.0167
8.028,-0.0096,0.0265
8.032,-0.0114,0.015
8.036,0.0073,0.0187
8.04,0.0088,0.0092
8.044,-0.0027,-0.0064
8.048,0.0011,-0.0079
8.052,0.0014,-0.0054
8.056,0.0044,0.0084
8.06,0.0006,0.0111
8.064,-0.0019,-0.0016
8.068,-0.0025,0.0049
8.072,-0.0123,0.0216
8.076,0.0123,-0.0087
8.08,-0.0102,-0.0054
8.084,0.0132,0.006
8.088,-0.0122,-0.0244
8.092,0.0001,-0.0044
8.096,0.0356,0.0078
8.1,0.0022,-0.0166
8.104,0.0118,0.0094
8.108,0.0111,0.0142
8.112,0.0082,-0.0043
8.116,-0.0051,0.0016
8.12,-0.011,-0.0021
8.124,-0.0045,0.0168
8.128,0.0137,0.0131
8.132,0.0098,0.0004
8.136,0.0094,-0.0084
8.14,-0.0094,0.0034
8.144,-0.0195,0.0023
8.148,-0.0012,-0.0011
8.152,-0.0041,-0.0263
8.156,0.0032,0.0041
8.16,0.0121,0.0173
8.164,-0.002,-0.0104
8.168,0.0019,-0.0132
8.172,-0.0183,-0.0151
8.176,-0.0103,-0.0066
8.18,-0.0093,0.0068
8.184,0.0171,0.0076
8.188,0.0061,-0.0077
8.192,0.0011,0.0154
8.196,0.0098,0.0134
8.2,0.0238,0.009
8.204,0.0479,0.0315
8.208,0.0625,0.0308
8.212,0.0761,0.0248
8.216,0.088,0.0495
8.22,0.1059,0.0711
8.224,0.1153,0.0688
8.228,0.1248,0.0905
8.232,0.1453,0.0841
8.236,0.149,0.1072
8.24,0.1438,0.1109
8.244,0.1576,0.0999
8.248,0.1461,0.0846
8.252,0.1255,0.088
8.256,0.114,0.0712
8.26,0.0836,0.0893
8.264,0.0767,0.0469
8.268,0.0557,0.0328
8.272,0.0359,0.0411
8.276,0.0251,0.019
8.28,0.0079,-0.0093
8.284,0.0183,0.0163
8.288,0.0001,0.0125
8.292,0.0044,0.0107
8.296,-0.0047,0.0103
8.3,-0.0054,0.0065
8.304,0.0157,0.015
8.308,0.0038,-0.0109
8.312,-0.0043,-0.0074
8.316,-0.0175,-0.0186
8.32,0.0155,-0.0021
8.324,0.019,0.0053
8.328,-0.0022,0.0048
8.332,-0.0103,0.0239
8.336,0.0075,0.001
8.34,-0.0099,0.0156
8.344,0.0047,-0.002
8.348,-0.0068,-0.0116
8.352,-0.0014,-0.0
8.356,-0.0142,0.0015
8.36,-0.0022,-0.0061
8.364,-0.0101,-0.0082
8.368,-0.0645,-0.0461
8.372,-0.0917,-0.0651
8.376,-0.1316,-0.0818
8.38,-0.1048,-0.0682
8.384,-0.0031,0.0059
8.388,0.2304,0.1602
8.392,0.5523,0.3728
8.396,0.8552,0.594
8.4,0.9767,0.7009
8.404,0.8433,0.5829
8.408,0.5319,0.367
8.412,0.1871,0.1204
8.416,-0.0818,-0.0494
8.42,-0.21,-0.1532
8.424,-0.2123,-0.1292
8.428,-0.1549,-0.1057
8.432,-0.0886,-0.0662
8.436,-0.0238,-0.025
8.44,-0.0095,-0.0076
8.444,-0.0333,-0.0001
8.448,0.0139,-0.0093
8.452,-0.0138,0.0038
8.456,-0.0014,-0.0128
8.46,0.0184,-0.0102
8.464,-0.0087,-0.0018
8.468,-0.0031,-0.0109
8.472,0.0227,0.0113
8.476,-0.0046,-0.0044
8.48,0.0121,0.0156
8.484,-0.0021,0.0113
8.488,0.0128,-0.0061
8.492,0.0062,0.0004
8.496,-0.0164,-0.0169
8.5,0.0136,-0.0149
8.504,-0.005,-0.0014
8.508,0.0026,0.0002
8.512,0.0095,0.0112
8.516,0.0077,0.0039
8.52,0.0107,0.0147
8.524,0.0045,0.0089
8.528,0.0096,0.0005
8.532,-0.0119,0.0044
8.536,0.0041,-0.0061
8.54,0.0025,0.0143
8.544,0.0015,-0.0133
8.548,-0.0013,-0.0035
8.552,0.0051,0.0128
8.556,0.0164,0.0132
8.56,0.0139,-0.0022
8.564,0.0161,0.0319
8.568,0.0078,0.0188
8.572,0.0145,0.0165
8.576,0.0452,0.0319
8.58,0.0328,0.0188
8.584,0.0641,0.0338
8.588,0.0566,0.0338
8.592,0.0778,0.0543
8.596,0.0987,0.0649
8.6,0.0997,0.0934
8.604,0.1399,0.0843
8.608,0.1462,0.1005
8.612,0.1681,0.1142
8.616,0.1836,0.1311
8.62,0.2137,0.1523
8.624,0.2209,0.1655
8.628,0.2475,0.1666
8.632,0.2581,0.1961
8.636,0.2753,0.2044
8.64,0.302,0.217
8.644,0.3041,0.2153
8.648,0.2974,0.2068
8.652,0.2932,0.2167
8.656,0.282,0.1964
8.66,0.2815,0.2061
8.664,0.2667,0.2072
8.668,0.2645,0.181
8.672,0.262,0.1742
8.676,0.2344,0.1702
8.68,0.2077,0.1438
8.684,0.1837,0.1197
8.688,0.1797,0.1078
8.692,0.1324,0.0903
8.696,0.1157,0.0826
8.7,0.0975,0.0734
8.704,0.0828,0.0763
8.708,0.0679,0.043
8.712,0.0699,0.0524
8.716,0.0656,0.0297
8.72,0.0444,0.0325
8.724,0.027,0.0195
8.728,0.0267,0.0138
8.732,0.0186,0.0265
8.736,0.0141,0.0004
8.74,0.0008,-0.0009
8.744,0.0072,0.0003
8.748,0.0001,0.0075
8.752,0.0039,-0.0029
8.756,0.0085,-0.0192
8.76,-0.0076,-0.0186
8.764,0.008,-0.0082
8.768,0.0098,-0.0204
8.772,-0.0058,-0.0054
8.776,0.003,0.0116
8.78,-0.0106,-0.0036
8.784,-0.0097,-0.0115
8.788,-0.0022,-0.005
8.792,0.0123,-0.0152
8.796,0.0049,-0.0013
8.8,0.004,-0.0116
8.804,0.0029,0.0093
8.808,-0.0054,-0.0086
8.812,-0.0086,0.0143
8.816,-0.0143,-0.0088
8.82,0.0098,0.0114
8.824,0.0064,-0.0028
8.828,-0.0125,-0.0014
8.832,-0.0104,-0.0004
8.836,0.009,0.0013
8.84,0.0017,0.0034
8.844,-0.0089,0.004
8.848,0.0122,0.0146
8.852,-0.0148,-0.0052
8.856,0.0041,-0.0081
8.86,-0.0171,0.0069
8.864,-0.0041,0.0076
8.868,-0.0107,-0.0023
8.872,0.0082,-0.0052
8.876,0.0096,0.0016
8.88,-0.0057,0.003
8.884,0.0167,-0.0112
8.888,-0.0205,0.0182
8.892,-0.0031,-0.0041
8.896,0.0111,0.0053
8.9,-0.0049,0.0266
8.904,-0.0101,-0.002
8.908,-0.0029,-0.0118
8.912,-0.0078,-0.0047
8.916,0.0019,0.0074
8.92,0.0055,0.0009
8.924,0.0034,0.0129
8.928,0.0056,0.0014
8.932,-0.0087,-0.0073
8.936,-0.0134,0.0098
8.94,-0.0179,-0.0142
8.944,0.0009,-0.0072
8.948,-0.0091,0.0042
8.952,0.0062,0.0151
8.956,-0.0019,0.0072
8.96,-0.0116,-0.0043
8.964,0.0018,-0.0038
8.968,0.0171,0.0005
8.972,-0.0177,0.0017
8.976,0.0016,-0.0075
8.98,0.0147,0.0077
8.984,0.0218,0.0003
8.988,-0.0141,-0.0087
8.992,0.0137,0.0135
8.996,0.0172,0.0065
9.0,0.0114,0.0159
9.004,0.0174,0.032
9.008,0.0381,0.0146
9.012,0.0505,0.0465
9.016,0.0709,0.0349
9.02,0.0749,0.0877
9.024,0.1203,0.0799
9.028,0.1236,0.0805
9.032,0.1419,0.1067
9.036,0.1339,0.099
9.04,0.1556,0.0927
9.044,0.154,0.1037
9.048,0.1432,0.0997
9.052,0.1264,0.0615
9.056,0.1231,0.0459
9.06,0.0994,0.0563
9.064,0.0663,0.0504
9.068,0.055,0.0493
9.072,0.0283,0.0287
9.076,0.0248,0.0164
9.08,0.0286,0.0086
9.084,0.0101,0.0024
9.088,0.0101,0.0044
9.092,0.003,0.0017
9.096,0.0039,-0.0062
9.1,0.012,0.001
9.104,0.0072,0.0076
9.108,-0.0012,-0.002
9.112,-0.0041,-0.0065
9.116,-0.002,-0.0105
9.12,0.0031,-0.0047
9.124,-0.0091,0.0048
9.128,-0.0015,0.0078
9.132,0.0034,0.0134
9.136,0.0096,0.008
9.14,-0.0063,-0.0086
9.144,0.0137,0.01
9.148,0.0013,0.0118
9.152,-0.013,-0.0184
9.156,0.005,-0.0045
9.16,-0.0046,-0.002
9.164,-0.0401,-0.0134
9.168,-0.0523,-0.0393
9.172,-0.0879,-0.0609
9.176,-0.1149,-0.0668
9.18,-0.0993,-0.0791
9.184,-0.0032,-0.0033
9.188,0.2264,0.1667
9.192,0.5285,0.3937
9.196,0.8663,0.5968
9.2,0.9933,0.6904
9.204,0.8349,0.5668
9.208,0.5179,0.3657
9.212,0.1878,0.1238
9.216,-0.0797,-0.0698
9.22,-0.1986,-0.1437
9.224,-0.2057,-0.1558
9.228,-0.146,-0.0964
9.232,-0.0737,-0.06
9.236,-0.0197,-0.0354
9.24,-0.0102,-0.0236
9.244,-0.0106,-0.007
9.248,-0.0175,-0.0077
9.252,-0.0084,0.0047
9.256,0.0071,0.0106
9.26,-0.0005,-0.0105
9.264,0.0144,-0.0041
9.268,-0.0182,0.0015
9.272,0.0163,0.0156
9.276,0.0084,-0.0057
9.28,0.0042,-0.0089
9.284,0.0055,-0.0074
9.288,0.0087,0.0013
9.292,0.0047,0.0043
9.296,0.0098,-0.0106
9.3,0.0025,-0.0114
9.304,0.012,-0.0107
9.308,-0.0077,0.0035
9.312,-0.0033,-0.0285
9.316,-0.0037,0.0059
9.32,-0.0019,0.0043
9.324,-0.0264,-0.0014
9.328,0.0078,-0.0013
9.332,-0.0064,0.006
9.336,-0.0099,0.0056
9.34,-0.0065,0.0081
9.344,-0.0025,0.0072
9.348,-0.0043,-0.0065
9.352,0.0213,0.0157
9.356,0.0256,-0.0075
9.36,0.0058,0.0071
9.364,0.0139,0.0244
9.368,0.0104,0.0065
9.372,0.0032,0.012
9.376,0.0383,0.0343
9.38,0.0378,0.0214
9.384,0.0547,0.025
9.388,0.0536,0.0443
9.392,0.0827,0.0483
9.396,0.0944,0.0706
9.4,0.1275,0.0785
9.404,0.1468,0.0959
9.408,0.1449,0.1005
9.412,0.168,0.1052
9.416,0.1872,0.1369
9.42,0.2122,0.1759
9.424,0.2351,0.1519
9.428,0.2503,0.1611
9.432,0.2704,0.1889
9.436,0.2915,0.1879
9.44,0.293,0.1958
9.444,0.2985,0.2177
9.448,0.3217,0.1921
9.452,0.3042,0.2039
9.456,0.2946,0.2021
9.46,0.3024,0.1899
9.464,0.2872,0.205
9.468,0.2657,0.1732
9.472,0.2483,0.187
9.476,0.2274,0.1715
9.48,0.2173,0.1605
9.484,0.1978,0.1244
9.488,0.1675,0.1143
9.492,0.1543,0.1103
9.496,0.1226,0.0763
9.5,0.1083,0.0605
9.504,0.0776,0.0569
9.508,0.0666,0.0563
9.512,0.0791,0.0395
9.516,0.0761,0.0342
9.52,0.0264,0.0419
9.524,0.0072,0.0272
9.528,0.0296,0.0283
9.532,0.0043,0.005
9.536,0.0346,0.0088
9.54,0.016,0.0007
9.544,0.0124,-0.0056
9.548,-0.0084,-0.0023
9.552,0.0204,0.0128
9.556,0.0045,0.0009
9.56,0.0187,0.0025
9.564,-0.0147,0.0097
9.568,0.0027,-0.0148
9.572,0.0006,-0.0011
9.576,0.0106,-0.0057
9.58,0.012,-0.007
9.584,-0.0033,0.0046
9.588,-0.0076,-0.0077
9.592,0.0095,-0.0019
9.596,-0.0056,0.0007
9.6,-0.0011,-0.0001
9.604,-0.0075,0.0047
9.608,-0.0045,0.001
9.612,-0.0069,-0.003
9.616,0.0032,0.008
9.62,0.0105,0.0114
9.624,-0.0001,0.0103
9.628,0.0178,-0.0068
9.632,-0.0057,0.0008
9.636,-0.0012,-0.0163
9.64,-0.0113,-0.0003
9.644,0.0133,0.0109
9.648,0.021,0.0063
9.652,0.002,-0.0075
9.656,-0.0093,-0.0061
9.66,0.0053,-0.0002
9.664,-0.0036,0.0234
9.668,-0.0082,0.0141
9.672,-0.012,-0.0055
9.676,0.0071,0.0133
9.68,-0.0153,-0.0078
9.684,0.0176,0.0142
9.688,-0.0197,0.0157
9.692,-0.0111,0.0011
9.696,0.0064,0.0016
9.7,-0.0161,0.0016
9.704,-0.0138,0.0012
9.708,0.0116,0.0069
9.712,-0.0017,0.003
9.716,-0.0149,0.0133
9.72,0.0181,-0.0004
9.724,-0.0082,0.0111
9.728,0.0079,-0.018
9.732,-0.0154,-0.0124
9.736,-0.0072,-0.0034
9.74,0.0142,0.0117
9.744,0.0101,-0.0111
9.748,-0.0067,-0.0016
9.752,-0.0154,0.0179
9.756,-0.0035,0.003
9.76,0.005,-0.0031
9.764,-0.0103,0.0042
9.768,0.0006,-0.0053
9.772,-0.0083,-0.0035
9.776,0.0078,0.0091
9.78,0.0234,0.0032
9.784,-0.0046,0.025
9.788,-0.0039,-0.0039
9.792,0.0041,-0.0064
9.796,0.0109,-0.0015
9.8,0.0138,0.0094
9.804,0.0108,0.005
9.808,-0.0098,0.0153
9.812,-0.0042,-0.007
9.816,-0.0122,0.0056
9.82,0.0152,-0.0005
9.824,0.0068,-0.0125
9.828,0.022,-0.0131
9.832,-0.003,-0.0021
9.836,-0.0023,0.0039
9.84,0.0057,-0.0006
9.844,-0.0016,0.0075
9.848,-0.0008,-0.0063
9.852,-0.0107,-0.0123
9.856,-0.0115,-0.003
9.86,0.0191,0.0068
9.864,-0.0051,-0.0066
9.868,0.0057,0.0006
9.872,-0.0062,0.0106
9.876,-0.0089,-0.0073
9.88,-0.0039,-0.0141
9.884,0.0266,0.0024
9.888,0.0016,-0.0047
9.892,-0.003,0.0181
9.896,-0.0078,0.0032
9.9,0.0022,-0.0011
9.904,0.0016,-0.0021
9.908,-0.0083,0.002
9.912,-0.01,0.0014
9.916,0.003,-0.0098
9.92,0.0061,-0.0106
9.924,-0.0115,0.0015
9.928,0.0025,-0.0172
9.932,-0.008,-0.0063
9.936,0.0077,-0.0044
9.94,-0.0054,0.0022
9.944,0.0071,0.011
9.948,0.0132,0.0067
9.952,0.0013,0.0008
9.956,0.0103,0.0009
9.96,0.0017,0.018
9.964,-0.0107,0.0112
9.968,-0.0026,-0.001
9.972,-0.0144,0.01
9.976,-0.0086,0.0064
9.98,0.0002,-0.0162
9.984,-0.0077,0.0025
9.988,-0.0074,-0.0123
9.992,0.0078,0.0056
9.996,-0.0077,-0.0122
